{
    "Attaching something to something": "1",
    "Closing something": "5",
    "Covering something with something": "6",
    "Folding something": "14",
    "Laying something on the table on its side, not upright": "21",
    "Lifting something up completely without letting it drop down": "27",
    "Lifting something up completely, then letting it drop down": "28",
    "Lifting something with something on it": "29",
    "Lifting up one end of something without letting it drop down": "30",
    "Lifting up one end of something, then letting it drop down": "31",
    "Moving something across a surface without it falling down": "35",
    "Moving something and something away from each other": "36",
    "Moving something and something closer to each other": "37",
    "Moving something and something so they collide with each other": "38",
    "Moving something and something so they pass each other": "39",
    "Moving something away from something": "40",
    "Moving something away from the camera": "41",
    "Moving something closer to something": "42",
    "Moving something down": "43",
    "Moving something towards the camera": "44",
    "Moving something up": "45",
    "Opening something": "46",
    "Picking something up": "47",
    "Plugging something into something": "49",
    "Pouring something into something": "59",
    "Pouring something onto something": "61",
    "Pouring something out of something": "62",
    "Pulling something from behind of something": "85",
    "Pulling something from left to right": "86",
    "Pulling something from right to left": "87",
    "Pulling something onto something": "88",
    "Pulling something out of something": "89",
    "Pushing something from left to right": "93",
    "Pushing something from right to left": "94",
    "Pushing something off of something": "95",
    "Pushing something onto something": "96",
    "Pushing something so that it slightly moves": "100",
    "Pushing something with something": "101",
    "Putting something and something on the table": "103",
    "Putting something behind something": "104",
    "Putting something in front of something": "105",
    "Putting something into something": "106",
    "Putting something next to something": "107",
    "Putting something on a flat surface without letting it roll": "108",
    "Putting something on a surface": "109",
    "Putting something onto a slanted surface but it doesn't glide down": "111",
    "Putting something onto something": "112",
    "Putting something similar to other things that are already on the table": "114",
    "Putting something that cannot actually stand upright upright on the table, so it falls on its side": "117",
    "Putting something underneath something": "118",
    "Putting something upright on the table": "119",
    "Putting something, something and something on the table": "120",
    "Removing something, revealing something behind": "121",
    "Scooping something up with something": "123",
    "Stacking number of something": "144",
    "Taking one of many similar things on the table": "146",
    "Taking something from somewhere": "147",
    "Taking something out of something": "148",
    "Turning something upside down": "164",
    "Uncovering something": "171",
    "Unfolding something": "172"
}
